experiment_family,run_root,run_name,run_directory,dataset_path,dataset_name,cleaned_dataset_path,feature_set_name,prediction_context,target_kind,selection_scope,subset_column,subset_value,tuning_applied,source_table,model_name,model_display_name,validation_macro_f1,validation_accuracy,test_macro_f1,test_accuracy,validation_r2,test_r2,validation_mae,test_mae,validation_feature_columns_before_encoding,test_feature_columns_before_encoding,best_params,is_best_validation_in_scope,is_best_test_in_scope
classification_global,model_benchmark,20260313_195144,experiments/model_benchmark/20260313_195144,data/raw/NISQ-FaultLogs-100K.csv,NISQ-FaultLogs-100K.csv,data/interim/nisq_fault_logs_cleaned.parquet,topology_aware,pre_execution,fault_type_classification,run,,,False,experiments/model_benchmark/20260313_195144/model_comparison.csv,dummy_most_frequent,Dummy Most Frequent,,,0.3342878071518945,0.5021506451935581,,,,,,12.0,,False,False
classification_global,model_benchmark,20260313_195144,experiments/model_benchmark/20260313_195144,data/raw/NISQ-FaultLogs-100K.csv,NISQ-FaultLogs-100K.csv,data/interim/nisq_fault_logs_cleaned.parquet,topology_aware,pre_execution,fault_type_classification,run,,,False,experiments/model_benchmark/20260313_195144/model_comparison.csv,logistic_regression,Logistic Regression,,,0.4882521933827402,0.5015004501350405,,,,,,12.0,,False,False
classification_global,model_benchmark,20260313_195144,experiments/model_benchmark/20260313_195144,data/raw/NISQ-FaultLogs-100K.csv,NISQ-FaultLogs-100K.csv,data/interim/nisq_fault_logs_cleaned.parquet,topology_aware,pre_execution,fault_type_classification,run,,,False,experiments/model_benchmark/20260313_195144/model_comparison.csv,random_forest,Random Forest,,,0.4905243405049848,0.4935980794238271,,,,,,12.0,,False,False
classification_global,model_benchmark,20260313_195144,experiments/model_benchmark/20260313_195144,data/raw/NISQ-FaultLogs-100K.csv,NISQ-FaultLogs-100K.csv,data/interim/nisq_fault_logs_cleaned.parquet,topology_aware,pre_execution,fault_type_classification,run,,,False,experiments/model_benchmark/20260313_195144/model_comparison.csv,xgboost,XGBoost,,,0.4999259886069974,0.5001000300090027,,,,,,12.0,,False,True
classification_global,model_benchmark,20260313_200824,experiments/model_benchmark/20260313_200824,data/raw/NISQ-FaultLogs-100K.csv,NISQ-FaultLogs-100K.csv,data/interim/nisq_fault_logs_cleaned.parquet,topology_aware,pre_execution,fault_type_classification,run,,,False,experiments/model_benchmark/20260313_200824/model_comparison.csv,dummy_most_frequent,Dummy Most Frequent,0.3342656721719055,0.5021007002334111,0.3342655480090558,0.5021004200840168,,,,,12.0,12.0,,False,False
classification_global,model_benchmark,20260313_200824,experiments/model_benchmark/20260313_200824,data/raw/NISQ-FaultLogs-100K.csv,NISQ-FaultLogs-100K.csv,data/interim/nisq_fault_logs_cleaned.parquet,topology_aware,pre_execution,fault_type_classification,run,,,False,experiments/model_benchmark/20260313_200824/model_comparison.csv,logistic_regression,Logistic Regression,0.4833276015524396,0.5063021007002334,0.4708190445435052,0.4942988597719543,,,,,12.0,12.0,,False,False
classification_global,model_benchmark,20260313_200824,experiments/model_benchmark/20260313_200824,data/raw/NISQ-FaultLogs-100K.csv,NISQ-FaultLogs-100K.csv,data/interim/nisq_fault_logs_cleaned.parquet,topology_aware,pre_execution,fault_type_classification,run,,,False,experiments/model_benchmark/20260313_200824/model_comparison.csv,random_forest,Random Forest,0.4964601965051332,0.5004334778259419,0.4924227373677171,0.4972994598919784,,,,,12.0,12.0,,False,False
classification_global,model_benchmark,20260313_200824,experiments/model_benchmark/20260313_200824,data/raw/NISQ-FaultLogs-100K.csv,NISQ-FaultLogs-100K.csv,data/interim/nisq_fault_logs_cleaned.parquet,topology_aware,pre_execution,fault_type_classification,run,,,False,experiments/model_benchmark/20260313_200824/model_comparison.csv,xgboost,XGBoost,0.4999126329598579,0.5001667222407469,0.501352663763936,0.5017003400680136,,,,,12.0,12.0,,True,True
classification_global,model_benchmark,20260313_203601,experiments/model_benchmark/20260313_203601,data/raw/NISQ-FaultLogs-100K.csv,NISQ-FaultLogs-100K.csv,data/interim/nisq_fault_logs_cleaned.parquet,baseline_raw,pre_execution,fault_type_classification,run,,,False,experiments/model_benchmark/20260313_203601/model_comparison.csv,dummy_most_frequent,Dummy Most Frequent,0.3342656721719055,0.5021007002334111,0.3342655480090558,0.5021004200840168,,,,,8.0,8.0,,False,False
classification_global,model_benchmark,20260313_203601,experiments/model_benchmark/20260313_203601,data/raw/NISQ-FaultLogs-100K.csv,NISQ-FaultLogs-100K.csv,data/interim/nisq_fault_logs_cleaned.parquet,baseline_raw,pre_execution,fault_type_classification,run,,,False,experiments/model_benchmark/20260313_203601/model_comparison.csv,logistic_regression,Logistic Regression,0.4753250407283106,0.5044348116038679,0.4704389818578883,0.5007001400280056,,,,,8.0,8.0,,False,False
classification_global,model_benchmark,20260313_203601,experiments/model_benchmark/20260313_203601,data/raw/NISQ-FaultLogs-100K.csv,NISQ-FaultLogs-100K.csv,data/interim/nisq_fault_logs_cleaned.parquet,baseline_raw,pre_execution,fault_type_classification,run,,,False,experiments/model_benchmark/20260313_203601/model_comparison.csv,random_forest,Random Forest,0.4990881648503579,0.5037012337445815,0.4973323007510845,0.5017003400680136,,,,,8.0,8.0,,False,False
classification_global,model_benchmark,20260313_203601,experiments/model_benchmark/20260313_203601,data/raw/NISQ-FaultLogs-100K.csv,NISQ-FaultLogs-100K.csv,data/interim/nisq_fault_logs_cleaned.parquet,baseline_raw,pre_execution,fault_type_classification,run,,,False,experiments/model_benchmark/20260313_203601/model_comparison.csv,xgboost,XGBoost,0.4993831318861998,0.499566522174058,0.5134407501117548,0.5137027405481096,,,,,8.0,8.0,,True,True
classification_global,model_benchmark,20260313_203623,experiments/model_benchmark/20260313_203623,data/raw/NISQ-FaultLogs-100K.csv,NISQ-FaultLogs-100K.csv,data/interim/nisq_fault_logs_cleaned.parquet,topology_aware,pre_execution,fault_type_classification,run,,,False,experiments/model_benchmark/20260313_203623/model_comparison.csv,dummy_most_frequent,Dummy Most Frequent,0.3342656721719055,0.5021007002334111,0.3342655480090558,0.5021004200840168,,,,,12.0,12.0,,False,False
classification_global,model_benchmark,20260313_203623,experiments/model_benchmark/20260313_203623,data/raw/NISQ-FaultLogs-100K.csv,NISQ-FaultLogs-100K.csv,data/interim/nisq_fault_logs_cleaned.parquet,topology_aware,pre_execution,fault_type_classification,run,,,False,experiments/model_benchmark/20260313_203623/model_comparison.csv,logistic_regression,Logistic Regression,0.4833276015524396,0.5063021007002334,0.4708190445435052,0.4942988597719543,,,,,12.0,12.0,,False,False
classification_global,model_benchmark,20260313_203623,experiments/model_benchmark/20260313_203623,data/raw/NISQ-FaultLogs-100K.csv,NISQ-FaultLogs-100K.csv,data/interim/nisq_fault_logs_cleaned.parquet,topology_aware,pre_execution,fault_type_classification,run,,,False,experiments/model_benchmark/20260313_203623/model_comparison.csv,random_forest,Random Forest,0.4964601965051332,0.5004334778259419,0.4924227373677171,0.4972994598919784,,,,,12.0,12.0,,False,False
classification_global,model_benchmark,20260313_203623,experiments/model_benchmark/20260313_203623,data/raw/NISQ-FaultLogs-100K.csv,NISQ-FaultLogs-100K.csv,data/interim/nisq_fault_logs_cleaned.parquet,topology_aware,pre_execution,fault_type_classification,run,,,False,experiments/model_benchmark/20260313_203623/model_comparison.csv,xgboost,XGBoost,0.4999126329598579,0.5001667222407469,0.501352663763936,0.5017003400680136,,,,,12.0,12.0,,True,True
classification_global,model_benchmark,20260313_203639,experiments/model_benchmark/20260313_203639,data/raw/NISQ-FaultLogs-100K.csv,NISQ-FaultLogs-100K.csv,data/interim/nisq_fault_logs_cleaned.parquet,enhanced_topology,pre_execution,fault_type_classification,run,,,False,experiments/model_benchmark/20260313_203639/model_comparison.csv,dummy_most_frequent,Dummy Most Frequent,0.3342656721719055,0.5021007002334111,0.3342655480090558,0.5021004200840168,,,,,19.0,19.0,,False,False
classification_global,model_benchmark,20260313_203639,experiments/model_benchmark/20260313_203639,data/raw/NISQ-FaultLogs-100K.csv,NISQ-FaultLogs-100K.csv,data/interim/nisq_fault_logs_cleaned.parquet,enhanced_topology,pre_execution,fault_type_classification,run,,,False,experiments/model_benchmark/20260313_203639/model_comparison.csv,logistic_regression,Logistic Regression,0.4973517090305117,0.5081027009003001,0.4914387348592895,0.5031006201240248,,,,,19.0,19.0,,False,False
classification_global,model_benchmark,20260313_203639,experiments/model_benchmark/20260313_203639,data/raw/NISQ-FaultLogs-100K.csv,NISQ-FaultLogs-100K.csv,data/interim/nisq_fault_logs_cleaned.parquet,enhanced_topology,pre_execution,fault_type_classification,run,,,False,experiments/model_benchmark/20260313_203639/model_comparison.csv,random_forest,Random Forest,0.4993337327379184,0.502434144714905,0.4971335715978392,0.5007001400280056,,,,,19.0,19.0,,True,True
classification_global,model_benchmark,20260313_203639,experiments/model_benchmark/20260313_203639,data/raw/NISQ-FaultLogs-100K.csv,NISQ-FaultLogs-100K.csv,data/interim/nisq_fault_logs_cleaned.parquet,enhanced_topology,pre_execution,fault_type_classification,run,,,False,experiments/model_benchmark/20260313_203639/model_comparison.csv,xgboost,XGBoost,0.4968342226093446,0.4970990330110036,0.4943622323948399,0.4946989397879576,,,,,19.0,19.0,,False,False
classification_global,model_benchmark,20260313_204849,experiments/model_benchmark/20260313_204849,data/raw/NISQ-FaultLogs-100K.csv,NISQ-FaultLogs-100K.csv,data/interim/nisq_fault_logs_cleaned.parquet,baseline_raw,pre_execution,fault_type_classification,run,,,False,experiments/model_benchmark/20260313_204849/model_comparison.csv,dummy_most_frequent,Dummy Most Frequent,0.3342656721719055,0.5021007002334111,0.3342655480090558,0.5021004200840168,,,,,8.0,8.0,,False,False
classification_global,model_benchmark,20260313_204849,experiments/model_benchmark/20260313_204849,data/raw/NISQ-FaultLogs-100K.csv,NISQ-FaultLogs-100K.csv,data/interim/nisq_fault_logs_cleaned.parquet,baseline_raw,pre_execution,fault_type_classification,run,,,False,experiments/model_benchmark/20260313_204849/model_comparison.csv,logistic_regression,Logistic Regression,0.4753250407283106,0.5044348116038679,0.4704389818578883,0.5007001400280056,,,,,8.0,8.0,,False,False
classification_global,model_benchmark,20260313_204849,experiments/model_benchmark/20260313_204849,data/raw/NISQ-FaultLogs-100K.csv,NISQ-FaultLogs-100K.csv,data/interim/nisq_fault_logs_cleaned.parquet,baseline_raw,pre_execution,fault_type_classification,run,,,False,experiments/model_benchmark/20260313_204849/model_comparison.csv,random_forest,Random Forest,0.4990881648503579,0.5037012337445815,0.4973323007510845,0.5017003400680136,,,,,8.0,8.0,,False,False
classification_global,model_benchmark,20260313_204849,experiments/model_benchmark/20260313_204849,data/raw/NISQ-FaultLogs-100K.csv,NISQ-FaultLogs-100K.csv,data/interim/nisq_fault_logs_cleaned.parquet,baseline_raw,pre_execution,fault_type_classification,run,,,False,experiments/model_benchmark/20260313_204849/model_comparison.csv,xgboost,XGBoost,0.4993831318861998,0.499566522174058,0.5134407501117548,0.5137027405481096,,,,,8.0,8.0,,True,True
classification_global,model_benchmark,20260313_221036,experiments/model_benchmark/20260313_221036,data/raw/NISQ-FaultLogs-100K.csv,NISQ-FaultLogs-100K.csv,data/interim/nisq_fault_logs_cleaned.parquet,baseline_raw,pre_execution,fault_type_classification,run,,,False,experiments/model_benchmark/20260313_221036/model_comparison.csv,dummy_most_frequent,Dummy Most Frequent,0.3342656721719055,0.5021007002334111,0.3342655480090558,0.5021004200840168,,,,,7.0,7.0,,False,False
classification_global,model_benchmark,20260313_221036,experiments/model_benchmark/20260313_221036,data/raw/NISQ-FaultLogs-100K.csv,NISQ-FaultLogs-100K.csv,data/interim/nisq_fault_logs_cleaned.parquet,baseline_raw,pre_execution,fault_type_classification,run,,,False,experiments/model_benchmark/20260313_221036/model_comparison.csv,logistic_regression,Logistic Regression,0.4731713505008034,0.5069689896632211,0.4631955390956845,0.498499699939988,,,,,7.0,7.0,,False,False
classification_global,model_benchmark,20260313_221036,experiments/model_benchmark/20260313_221036,data/raw/NISQ-FaultLogs-100K.csv,NISQ-FaultLogs-100K.csv,data/interim/nisq_fault_logs_cleaned.parquet,baseline_raw,pre_execution,fault_type_classification,run,,,False,experiments/model_benchmark/20260313_221036/model_comparison.csv,random_forest,Random Forest,0.4989842816553649,0.5023007669223074,0.5008942186912255,0.5043008601720345,,,,,7.0,7.0,,False,False
classification_global,model_benchmark,20260313_221036,experiments/model_benchmark/20260313_221036,data/raw/NISQ-FaultLogs-100K.csv,NISQ-FaultLogs-100K.csv,data/interim/nisq_fault_logs_cleaned.parquet,baseline_raw,pre_execution,fault_type_classification,run,,,False,experiments/model_benchmark/20260313_221036/model_comparison.csv,xgboost,XGBoost,0.4992393442280395,0.4994998332777592,0.5071933729195076,0.50750150030006,,,,,7.0,7.0,,True,True
classification_stratified,qubit_stratified,20260313_203727,experiments/qubit_stratified/20260313_203727,data/raw/NISQ-FaultLogs-100K.csv,NISQ-FaultLogs-100K.csv,data/interim/nisq_fault_logs_cleaned.parquet,enhanced_topology,pre_execution,fault_type_classification,qubit_count subgroup,qubit_count,5.0,False,experiments/qubit_stratified/20260313_203727/qubit_model_comparison.csv,dummy_most_frequent,Dummy Most Frequent,0.3380350194552529,0.5106539309331374,0.3381924198250728,0.5110132158590308,,,,,18.0,18.0,,False,False
classification_stratified,qubit_stratified,20260313_203727,experiments/qubit_stratified/20260313_203727,data/raw/NISQ-FaultLogs-100K.csv,NISQ-FaultLogs-100K.csv,data/interim/nisq_fault_logs_cleaned.parquet,enhanced_topology,pre_execution,fault_type_classification,qubit_count subgroup,qubit_count,5.0,False,experiments/qubit_stratified/20260313_203727/qubit_model_comparison.csv,logistic_regression,Logistic Regression,0.458471361154807,0.4944893460690668,0.4669790583769078,0.5,,,,,18.0,18.0,,False,False
classification_stratified,qubit_stratified,20260313_203727,experiments/qubit_stratified/20260313_203727,data/raw/NISQ-FaultLogs-100K.csv,NISQ-FaultLogs-100K.csv,data/interim/nisq_fault_logs_cleaned.parquet,enhanced_topology,pre_execution,fault_type_classification,qubit_count subgroup,qubit_count,5.0,False,experiments/qubit_stratified/20260313_203727/qubit_model_comparison.csv,random_forest,Random Forest,0.5093200576846368,0.5165319617927994,0.5338262043067535,0.5374449339207048,,,,,18.0,18.0,,False,True
classification_stratified,qubit_stratified,20260313_203727,experiments/qubit_stratified/20260313_203727,data/raw/NISQ-FaultLogs-100K.csv,NISQ-FaultLogs-100K.csv,data/interim/nisq_fault_logs_cleaned.parquet,enhanced_topology,pre_execution,fault_type_classification,qubit_count subgroup,qubit_count,5.0,False,experiments/qubit_stratified/20260313_203727/qubit_model_comparison.csv,xgboost,XGBoost,0.5269270251305906,0.5282880235121235,0.4672788443280247,0.4691629955947136,,,,,18.0,18.0,,True,False
classification_stratified,qubit_stratified,20260313_203727,experiments/qubit_stratified/20260313_203727,data/raw/NISQ-FaultLogs-100K.csv,NISQ-FaultLogs-100K.csv,data/interim/nisq_fault_logs_cleaned.parquet,enhanced_topology,pre_execution,fault_type_classification,qubit_count subgroup,qubit_count,6.0,False,experiments/qubit_stratified/20260313_203727/qubit_model_comparison.csv,dummy_most_frequent,Dummy Most Frequent,0.3331704934049829,0.4996336996336996,0.3328445747800586,0.4989010989010989,,,,,18.0,18.0,,False,False
classification_stratified,qubit_stratified,20260313_203727,experiments/qubit_stratified/20260313_203727,data/raw/NISQ-FaultLogs-100K.csv,NISQ-FaultLogs-100K.csv,data/interim/nisq_fault_logs_cleaned.parquet,enhanced_topology,pre_execution,fault_type_classification,qubit_count subgroup,qubit_count,6.0,False,experiments/qubit_stratified/20260313_203727/qubit_model_comparison.csv,logistic_regression,Logistic Regression,0.4746124837276717,0.4747252747252747,0.4703296703296703,0.4703296703296703,,,,,18.0,18.0,,False,False
classification_stratified,qubit_stratified,20260313_203727,experiments/qubit_stratified/20260313_203727,data/raw/NISQ-FaultLogs-100K.csv,NISQ-FaultLogs-100K.csv,data/interim/nisq_fault_logs_cleaned.parquet,enhanced_topology,pre_execution,fault_type_classification,qubit_count subgroup,qubit_count,6.0,False,experiments/qubit_stratified/20260313_203727/qubit_model_comparison.csv,random_forest,Random Forest,0.4841026125572825,0.4842490842490842,0.5095489677640769,0.5098901098901099,,,,,18.0,18.0,,False,False
classification_stratified,qubit_stratified,20260313_203727,experiments/qubit_stratified/20260313_203727,data/raw/NISQ-FaultLogs-100K.csv,NISQ-FaultLogs-100K.csv,data/interim/nisq_fault_logs_cleaned.parquet,enhanced_topology,pre_execution,fault_type_classification,qubit_count subgroup,qubit_count,6.0,False,experiments/qubit_stratified/20260313_203727/qubit_model_comparison.csv,xgboost,XGBoost,0.5002694775356655,0.5003663003663004,0.5180853996488836,0.5186813186813187,,,,,18.0,18.0,,True,True
classification_stratified,qubit_stratified,20260313_203727,experiments/qubit_stratified/20260313_203727,data/raw/NISQ-FaultLogs-100K.csv,NISQ-FaultLogs-100K.csv,data/interim/nisq_fault_logs_cleaned.parquet,enhanced_topology,pre_execution,fault_type_classification,qubit_count subgroup,qubit_count,7.0,False,experiments/qubit_stratified/20260313_203727/qubit_model_comparison.csv,dummy_most_frequent,Dummy Most Frequent,0.3336609336609336,0.5007374631268436,0.3333333333333333,0.5,,,,,18.0,18.0,,False,False
classification_stratified,qubit_stratified,20260313_203727,experiments/qubit_stratified/20260313_203727,data/raw/NISQ-FaultLogs-100K.csv,NISQ-FaultLogs-100K.csv,data/interim/nisq_fault_logs_cleaned.parquet,enhanced_topology,pre_execution,fault_type_classification,qubit_count subgroup,qubit_count,7.0,False,experiments/qubit_stratified/20260313_203727/qubit_model_comparison.csv,logistic_regression,Logistic Regression,0.4969177240117242,0.4970501474926254,0.4878325149732909,0.4889380530973451,,,,,18.0,18.0,,False,False
classification_stratified,qubit_stratified,20260313_203727,experiments/qubit_stratified/20260313_203727,data/raw/NISQ-FaultLogs-100K.csv,NISQ-FaultLogs-100K.csv,data/interim/nisq_fault_logs_cleaned.parquet,enhanced_topology,pre_execution,fault_type_classification,qubit_count subgroup,qubit_count,7.0,False,experiments/qubit_stratified/20260313_203727/qubit_model_comparison.csv,random_forest,Random Forest,0.5019085591958545,0.5029498525073747,0.4882141019042717,0.4889380530973451,,,,,18.0,18.0,,True,False
classification_stratified,qubit_stratified,20260313_203727,experiments/qubit_stratified/20260313_203727,data/raw/NISQ-FaultLogs-100K.csv,NISQ-FaultLogs-100K.csv,data/interim/nisq_fault_logs_cleaned.parquet,enhanced_topology,pre_execution,fault_type_classification,qubit_count subgroup,qubit_count,7.0,False,experiments/qubit_stratified/20260313_203727/qubit_model_comparison.csv,xgboost,XGBoost,0.4955357142857143,0.495575221238938,0.5066154335642086,0.5066371681415929,,,,,18.0,18.0,,False,True
classification_stratified,qubit_stratified,20260313_203727,experiments/qubit_stratified/20260313_203727,data/raw/NISQ-FaultLogs-100K.csv,NISQ-FaultLogs-100K.csv,data/interim/nisq_fault_logs_cleaned.parquet,enhanced_topology,pre_execution,fault_type_classification,qubit_count subgroup,qubit_count,8.0,False,experiments/qubit_stratified/20260313_203727/qubit_model_comparison.csv,dummy_most_frequent,Dummy Most Frequent,0.3336557059961315,0.5007256894049347,0.3333333333333333,0.5,,,,,18.0,18.0,,False,False
classification_stratified,qubit_stratified,20260313_203727,experiments/qubit_stratified/20260313_203727,data/raw/NISQ-FaultLogs-100K.csv,NISQ-FaultLogs-100K.csv,data/interim/nisq_fault_logs_cleaned.parquet,enhanced_topology,pre_execution,fault_type_classification,qubit_count subgroup,qubit_count,8.0,False,experiments/qubit_stratified/20260313_203727/qubit_model_comparison.csv,logistic_regression,Logistic Regression,0.511410427144428,0.5123367198838897,0.5189081495994057,0.5195652173913043,,,,,18.0,18.0,,False,True
classification_stratified,qubit_stratified,20260313_203727,experiments/qubit_stratified/20260313_203727,data/raw/NISQ-FaultLogs-100K.csv,NISQ-FaultLogs-100K.csv,data/interim/nisq_fault_logs_cleaned.parquet,enhanced_topology,pre_execution,fault_type_classification,qubit_count subgroup,qubit_count,8.0,False,experiments/qubit_stratified/20260313_203727/qubit_model_comparison.csv,random_forest,Random Forest,0.5141635243990166,0.5145137880986937,0.4929390892962744,0.4934782608695652,,,,,18.0,18.0,,False,False
classification_stratified,qubit_stratified,20260313_203727,experiments/qubit_stratified/20260313_203727,data/raw/NISQ-FaultLogs-100K.csv,NISQ-FaultLogs-100K.csv,data/interim/nisq_fault_logs_cleaned.parquet,enhanced_topology,pre_execution,fault_type_classification,qubit_count subgroup,qubit_count,8.0,False,experiments/qubit_stratified/20260313_203727/qubit_model_comparison.csv,xgboost,XGBoost,0.5412676640940877,0.5413642960812772,0.5035877241144285,0.5043478260869565,,,,,18.0,18.0,,True,False
classification_stratified,qubit_stratified,20260313_203727,experiments/qubit_stratified/20260313_203727,data/raw/NISQ-FaultLogs-100K.csv,NISQ-FaultLogs-100K.csv,data/interim/nisq_fault_logs_cleaned.parquet,enhanced_topology,pre_execution,fault_type_classification,qubit_count subgroup,qubit_count,9.0,False,experiments/qubit_stratified/20260313_203727/qubit_model_comparison.csv,dummy_most_frequent,Dummy Most Frequent,0.3348039215686274,0.5033161385408991,0.3348017621145374,0.5033112582781457,,,,,18.0,18.0,,False,False
classification_stratified,qubit_stratified,20260313_203727,experiments/qubit_stratified/20260313_203727,data/raw/NISQ-FaultLogs-100K.csv,NISQ-FaultLogs-100K.csv,data/interim/nisq_fault_logs_cleaned.parquet,enhanced_topology,pre_execution,fault_type_classification,qubit_count subgroup,qubit_count,9.0,False,experiments/qubit_stratified/20260313_203727/qubit_model_comparison.csv,logistic_regression,Logistic Regression,0.5027228591353479,0.5136330140014739,0.45647128245476,0.4613686534216336,,,,,18.0,18.0,,True,False
classification_stratified,qubit_stratified,20260313_203727,experiments/qubit_stratified/20260313_203727,data/raw/NISQ-FaultLogs-100K.csv,NISQ-FaultLogs-100K.csv,data/interim/nisq_fault_logs_cleaned.parquet,enhanced_topology,pre_execution,fault_type_classification,qubit_count subgroup,qubit_count,9.0,False,experiments/qubit_stratified/20260313_203727/qubit_model_comparison.csv,random_forest,Random Forest,0.4761074879490479,0.4782608695652174,0.486755743084857,0.4878587196467991,,,,,18.0,18.0,,False,True
classification_stratified,qubit_stratified,20260313_203727,experiments/qubit_stratified/20260313_203727,data/raw/NISQ-FaultLogs-100K.csv,NISQ-FaultLogs-100K.csv,data/interim/nisq_fault_logs_cleaned.parquet,enhanced_topology,pre_execution,fault_type_classification,qubit_count subgroup,qubit_count,9.0,False,experiments/qubit_stratified/20260313_203727/qubit_model_comparison.csv,xgboost,XGBoost,0.48206106870229,0.4826823876197494,0.4852900299904908,0.4856512141280353,,,,,18.0,18.0,,False,False
classification_stratified,qubit_stratified,20260313_203727,experiments/qubit_stratified/20260313_203727,data/raw/NISQ-FaultLogs-100K.csv,NISQ-FaultLogs-100K.csv,data/interim/nisq_fault_logs_cleaned.parquet,enhanced_topology,pre_execution,fault_type_classification,qubit_count subgroup,qubit_count,10.0,False,experiments/qubit_stratified/20260313_203727/qubit_model_comparison.csv,dummy_most_frequent,Dummy Most Frequent,0.3344693281402142,0.5025603511338698,0.3343065693430657,0.5021929824561403,,,,,18.0,18.0,,False,False
classification_stratified,qubit_stratified,20260313_203727,experiments/qubit_stratified/20260313_203727,data/raw/NISQ-FaultLogs-100K.csv,NISQ-FaultLogs-100K.csv,data/interim/nisq_fault_logs_cleaned.parquet,enhanced_topology,pre_execution,fault_type_classification,qubit_count subgroup,qubit_count,10.0,False,experiments/qubit_stratified/20260313_203727/qubit_model_comparison.csv,logistic_regression,Logistic Regression,0.4936668526740584,0.4974396488661302,0.4899626517273576,0.4956140350877193,,,,,18.0,18.0,,False,True
classification_stratified,qubit_stratified,20260313_203727,experiments/qubit_stratified/20260313_203727,data/raw/NISQ-FaultLogs-100K.csv,NISQ-FaultLogs-100K.csv,data/interim/nisq_fault_logs_cleaned.parquet,enhanced_topology,pre_execution,fault_type_classification,qubit_count subgroup,qubit_count,10.0,False,experiments/qubit_stratified/20260313_203727/qubit_model_comparison.csv,random_forest,Random Forest,0.4988229391787588,0.4996342355523043,0.4747967479674796,0.4780701754385965,,,,,18.0,18.0,,True,False
classification_stratified,qubit_stratified,20260313_203727,experiments/qubit_stratified/20260313_203727,data/raw/NISQ-FaultLogs-100K.csv,NISQ-FaultLogs-100K.csv,data/interim/nisq_fault_logs_cleaned.parquet,enhanced_topology,pre_execution,fault_type_classification,qubit_count subgroup,qubit_count,10.0,False,experiments/qubit_stratified/20260313_203727/qubit_model_comparison.csv,xgboost,XGBoost,0.4833943559438163,0.4835405998536942,0.4492409113875322,0.4495614035087719,,,,,18.0,18.0,,False,False
classification_stratified,qubit_stratified,20260313_203727,experiments/qubit_stratified/20260313_203727,data/raw/NISQ-FaultLogs-100K.csv,NISQ-FaultLogs-100K.csv,data/interim/nisq_fault_logs_cleaned.parquet,enhanced_topology,pre_execution,fault_type_classification,qubit_count subgroup,qubit_count,11.0,False,experiments/qubit_stratified/20260313_203727/qubit_model_comparison.csv,dummy_most_frequent,Dummy Most Frequent,0.3362360909530721,0.5065597667638484,0.336231884057971,0.5065502183406113,,,,,18.0,18.0,,False,False
classification_stratified,qubit_stratified,20260313_203727,experiments/qubit_stratified/20260313_203727,data/raw/NISQ-FaultLogs-100K.csv,NISQ-FaultLogs-100K.csv,data/interim/nisq_fault_logs_cleaned.parquet,enhanced_topology,pre_execution,fault_type_classification,qubit_count subgroup,qubit_count,11.0,False,experiments/qubit_stratified/20260313_203727/qubit_model_comparison.csv,logistic_regression,Logistic Regression,0.4788096482062,0.4912536443148688,0.4925779947840069,0.5065502183406113,,,,,18.0,18.0,,False,False
classification_stratified,qubit_stratified,20260313_203727,experiments/qubit_stratified/20260313_203727,data/raw/NISQ-FaultLogs-100K.csv,NISQ-FaultLogs-100K.csv,data/interim/nisq_fault_logs_cleaned.parquet,enhanced_topology,pre_execution,fault_type_classification,qubit_count subgroup,qubit_count,11.0,False,experiments/qubit_stratified/20260313_203727/qubit_model_comparison.csv,random_forest,Random Forest,0.5147218163281964,0.5167638483965015,0.5160252272412127,0.517467248908297,,,,,18.0,18.0,,False,True
classification_stratified,qubit_stratified,20260313_203727,experiments/qubit_stratified/20260313_203727,data/raw/NISQ-FaultLogs-100K.csv,NISQ-FaultLogs-100K.csv,data/interim/nisq_fault_logs_cleaned.parquet,enhanced_topology,pre_execution,fault_type_classification,qubit_count subgroup,qubit_count,11.0,False,experiments/qubit_stratified/20260313_203727/qubit_model_comparison.csv,xgboost,XGBoost,0.5202498479165769,0.5211370262390671,0.504345545994136,0.5043668122270742,,,,,18.0,18.0,,True,False
classification_stratified,qubit_stratified,20260313_203727,experiments/qubit_stratified/20260313_203727,data/raw/NISQ-FaultLogs-100K.csv,NISQ-FaultLogs-100K.csv,data/interim/nisq_fault_logs_cleaned.parquet,enhanced_topology,pre_execution,fault_type_classification,qubit_count subgroup,qubit_count,12.0,False,experiments/qubit_stratified/20260313_203727/qubit_model_comparison.csv,dummy_most_frequent,Dummy Most Frequent,0.3362658846529814,0.5066273932253313,0.3357771260997067,0.5055187637969095,,,,,18.0,18.0,,False,False
classification_stratified,qubit_stratified,20260313_203727,experiments/qubit_stratified/20260313_203727,data/raw/NISQ-FaultLogs-100K.csv,NISQ-FaultLogs-100K.csv,data/interim/nisq_fault_logs_cleaned.parquet,enhanced_topology,pre_execution,fault_type_classification,qubit_count subgroup,qubit_count,12.0,False,experiments/qubit_stratified/20260313_203727/qubit_model_comparison.csv,logistic_regression,Logistic Regression,0.4608242391979416,0.4727540500736377,0.4847341954022988,0.4966887417218543,,,,,18.0,18.0,,False,False
classification_stratified,qubit_stratified,20260313_203727,experiments/qubit_stratified/20260313_203727,data/raw/NISQ-FaultLogs-100K.csv,NISQ-FaultLogs-100K.csv,data/interim/nisq_fault_logs_cleaned.parquet,enhanced_topology,pre_execution,fault_type_classification,qubit_count subgroup,qubit_count,12.0,False,experiments/qubit_stratified/20260313_203727/qubit_model_comparison.csv,random_forest,Random Forest,0.4691353637300544,0.4734904270986745,0.4977531397174254,0.5011037527593819,,,,,18.0,18.0,,False,True
classification_stratified,qubit_stratified,20260313_203727,experiments/qubit_stratified/20260313_203727,data/raw/NISQ-FaultLogs-100K.csv,NISQ-FaultLogs-100K.csv,data/interim/nisq_fault_logs_cleaned.parquet,enhanced_topology,pre_execution,fault_type_classification,qubit_count subgroup,qubit_count,12.0,False,experiments/qubit_stratified/20260313_203727/qubit_model_comparison.csv,xgboost,XGBoost,0.4736228371899104,0.4742268041237113,0.4875565610859728,0.4878587196467991,,,,,18.0,18.0,,True,False
classification_stratified,qubit_stratified,20260313_203727,experiments/qubit_stratified/20260313_203727,data/raw/NISQ-FaultLogs-100K.csv,NISQ-FaultLogs-100K.csv,data/interim/nisq_fault_logs_cleaned.parquet,enhanced_topology,pre_execution,fault_type_classification,qubit_count subgroup,qubit_count,13.0,False,experiments/qubit_stratified/20260313_203727/qubit_model_comparison.csv,dummy_most_frequent,Dummy Most Frequent,0.3352855051244509,0.5044052863436124,0.3352855051244509,0.5044052863436124,,,,,18.0,18.0,,False,False
classification_stratified,qubit_stratified,20260313_203727,experiments/qubit_stratified/20260313_203727,data/raw/NISQ-FaultLogs-100K.csv,NISQ-FaultLogs-100K.csv,data/interim/nisq_fault_logs_cleaned.parquet,enhanced_topology,pre_execution,fault_type_classification,qubit_count subgroup,qubit_count,13.0,False,experiments/qubit_stratified/20260313_203727/qubit_model_comparison.csv,logistic_regression,Logistic Regression,0.4748432236891984,0.4772393538913362,0.5192941176470588,0.5242290748898678,,,,,18.0,18.0,,False,True
classification_stratified,qubit_stratified,20260313_203727,experiments/qubit_stratified/20260313_203727,data/raw/NISQ-FaultLogs-100K.csv,NISQ-FaultLogs-100K.csv,data/interim/nisq_fault_logs_cleaned.parquet,enhanced_topology,pre_execution,fault_type_classification,qubit_count subgroup,qubit_count,13.0,False,experiments/qubit_stratified/20260313_203727/qubit_model_comparison.csv,random_forest,Random Forest,0.5061383061383061,0.5066079295154186,0.5065983542928116,0.5066079295154186,,,,,18.0,18.0,,False,False
classification_stratified,qubit_stratified,20260313_203727,experiments/qubit_stratified/20260313_203727,data/raw/NISQ-FaultLogs-100K.csv,NISQ-FaultLogs-100K.csv,data/interim/nisq_fault_logs_cleaned.parquet,enhanced_topology,pre_execution,fault_type_classification,qubit_count subgroup,qubit_count,13.0,False,experiments/qubit_stratified/20260313_203727/qubit_model_comparison.csv,xgboost,XGBoost,0.5146086679911902,0.5146842878120411,0.4801762114537445,0.4801762114537445,,,,,18.0,18.0,,True,False
classification_stratified,qubit_stratified,20260313_203727,experiments/qubit_stratified/20260313_203727,data/raw/NISQ-FaultLogs-100K.csv,NISQ-FaultLogs-100K.csv,data/interim/nisq_fault_logs_cleaned.parquet,enhanced_topology,pre_execution,fault_type_classification,qubit_count subgroup,qubit_count,14.0,False,experiments/qubit_stratified/20260313_203727/qubit_model_comparison.csv,dummy_most_frequent,Dummy Most Frequent,0.3354399611084103,0.5047549378200439,0.3352769679300291,0.5043859649122807,,,,,18.0,18.0,,False,False
classification_stratified,qubit_stratified,20260313_203727,experiments/qubit_stratified/20260313_203727,data/raw/NISQ-FaultLogs-100K.csv,NISQ-FaultLogs-100K.csv,data/interim/nisq_fault_logs_cleaned.parquet,enhanced_topology,pre_execution,fault_type_classification,qubit_count subgroup,qubit_count,14.0,False,experiments/qubit_stratified/20260313_203727/qubit_model_comparison.csv,logistic_regression,Logistic Regression,0.4912960134313568,0.4967081199707388,0.4907540355915241,0.4934210526315789,,,,,18.0,18.0,,False,False
classification_stratified,qubit_stratified,20260313_203727,experiments/qubit_stratified/20260313_203727,data/raw/NISQ-FaultLogs-100K.csv,NISQ-FaultLogs-100K.csv,data/interim/nisq_fault_logs_cleaned.parquet,enhanced_topology,pre_execution,fault_type_classification,qubit_count subgroup,qubit_count,14.0,False,experiments/qubit_stratified/20260313_203727/qubit_model_comparison.csv,random_forest,Random Forest,0.5004429824443724,0.5018288222384785,0.5594968990900133,0.5614035087719298,,,,,18.0,18.0,,False,True
classification_stratified,qubit_stratified,20260313_203727,experiments/qubit_stratified/20260313_203727,data/raw/NISQ-FaultLogs-100K.csv,NISQ-FaultLogs-100K.csv,data/interim/nisq_fault_logs_cleaned.parquet,enhanced_topology,pre_execution,fault_type_classification,qubit_count subgroup,qubit_count,14.0,False,experiments/qubit_stratified/20260313_203727/qubit_model_comparison.csv,xgboost,XGBoost,0.5105977407255387,0.5106071689831748,0.5526229728949849,0.5526315789473685,,,,,18.0,18.0,,True,False
classification_stratified,qubit_stratified,20260313_203727,experiments/qubit_stratified/20260313_203727,data/raw/NISQ-FaultLogs-100K.csv,NISQ-FaultLogs-100K.csv,data/interim/nisq_fault_logs_cleaned.parquet,enhanced_topology,pre_execution,fault_type_classification,qubit_count subgroup,qubit_count,15.0,False,experiments/qubit_stratified/20260313_203727/qubit_model_comparison.csv,dummy_most_frequent,Dummy Most Frequent,0.3351298383145517,0.5040530582166544,0.3348017621145374,0.5033112582781457,,,,,18.0,18.0,,False,False
classification_stratified,qubit_stratified,20260313_203727,experiments/qubit_stratified/20260313_203727,data/raw/NISQ-FaultLogs-100K.csv,NISQ-FaultLogs-100K.csv,data/interim/nisq_fault_logs_cleaned.parquet,enhanced_topology,pre_execution,fault_type_classification,qubit_count subgroup,qubit_count,15.0,False,experiments/qubit_stratified/20260313_203727/qubit_model_comparison.csv,logistic_regression,Logistic Regression,0.4805172479133174,0.4863669859985262,0.4616755793226381,0.4701986754966887,,,,,18.0,18.0,,False,False
classification_stratified,qubit_stratified,20260313_203727,experiments/qubit_stratified/20260313_203727,data/raw/NISQ-FaultLogs-100K.csv,NISQ-FaultLogs-100K.csv,data/interim/nisq_fault_logs_cleaned.parquet,enhanced_topology,pre_execution,fault_type_classification,qubit_count subgroup,qubit_count,15.0,False,experiments/qubit_stratified/20260313_203727/qubit_model_comparison.csv,random_forest,Random Forest,0.4799407717097814,0.4812085482682388,0.4969744405038523,0.4988962472406181,,,,,18.0,18.0,,False,False
classification_stratified,qubit_stratified,20260313_203727,experiments/qubit_stratified/20260313_203727,data/raw/NISQ-FaultLogs-100K.csv,NISQ-FaultLogs-100K.csv,data/interim/nisq_fault_logs_cleaned.parquet,enhanced_topology,pre_execution,fault_type_classification,qubit_count subgroup,qubit_count,15.0,False,experiments/qubit_stratified/20260313_203727/qubit_model_comparison.csv,xgboost,XGBoost,0.4867624810892587,0.4871039056742815,0.5109879106117963,0.5121412803532008,,,,,18.0,18.0,,True,True
classification_stratified,qubit_stratified,20260313_204505,experiments/qubit_stratified/20260313_204505,data/raw/NISQ-FaultLogs-100K.csv,NISQ-FaultLogs-100K.csv,data/interim/nisq_fault_logs_cleaned.parquet,baseline_raw,pre_execution,fault_type_classification,qubit_count subgroup,qubit_count,5.0,False,experiments/qubit_stratified/20260313_204505/qubit_model_comparison.csv,dummy_most_frequent,Dummy Most Frequent,0.3380350194552529,0.5106539309331374,0.3381924198250728,0.5110132158590308,,,,,7.0,7.0,,False,False
classification_stratified,qubit_stratified,20260313_204505,experiments/qubit_stratified/20260313_204505,data/raw/NISQ-FaultLogs-100K.csv,NISQ-FaultLogs-100K.csv,data/interim/nisq_fault_logs_cleaned.parquet,baseline_raw,pre_execution,fault_type_classification,qubit_count subgroup,qubit_count,5.0,False,experiments/qubit_stratified/20260313_204505/qubit_model_comparison.csv,logistic_regression,Logistic Regression,0.4303283791266372,0.5084496693607642,0.4589526229397612,0.5330396475770925,,,,,7.0,7.0,,False,False
classification_stratified,qubit_stratified,20260313_204505,experiments/qubit_stratified/20260313_204505,data/raw/NISQ-FaultLogs-100K.csv,NISQ-FaultLogs-100K.csv,data/interim/nisq_fault_logs_cleaned.parquet,baseline_raw,pre_execution,fault_type_classification,qubit_count subgroup,qubit_count,5.0,False,experiments/qubit_stratified/20260313_204505/qubit_model_comparison.csv,random_forest,Random Forest,0.5123978569383665,0.5172667156502572,0.5034893358246652,0.5088105726872246,,,,,7.0,7.0,,False,True
classification_stratified,qubit_stratified,20260313_204505,experiments/qubit_stratified/20260313_204505,data/raw/NISQ-FaultLogs-100K.csv,NISQ-FaultLogs-100K.csv,data/interim/nisq_fault_logs_cleaned.parquet,baseline_raw,pre_execution,fault_type_classification,qubit_count subgroup,qubit_count,5.0,False,experiments/qubit_stratified/20260313_204505/qubit_model_comparison.csv,xgboost,XGBoost,0.5348424931360383,0.5363703159441587,0.4879931556125921,0.4889867841409692,,,,,7.0,7.0,,True,False
classification_stratified,qubit_stratified,20260313_204505,experiments/qubit_stratified/20260313_204505,data/raw/NISQ-FaultLogs-100K.csv,NISQ-FaultLogs-100K.csv,data/interim/nisq_fault_logs_cleaned.parquet,baseline_raw,pre_execution,fault_type_classification,qubit_count subgroup,qubit_count,6.0,False,experiments/qubit_stratified/20260313_204505/qubit_model_comparison.csv,dummy_most_frequent,Dummy Most Frequent,0.3331704934049829,0.4996336996336996,0.3328445747800586,0.4989010989010989,,,,,7.0,7.0,,False,False
classification_stratified,qubit_stratified,20260313_204505,experiments/qubit_stratified/20260313_204505,data/raw/NISQ-FaultLogs-100K.csv,NISQ-FaultLogs-100K.csv,data/interim/nisq_fault_logs_cleaned.parquet,baseline_raw,pre_execution,fault_type_classification,qubit_count subgroup,qubit_count,6.0,False,experiments/qubit_stratified/20260313_204505/qubit_model_comparison.csv,logistic_regression,Logistic Regression,0.4770089649157595,0.4776556776556777,0.4919543118991111,0.4923076923076923,,,,,7.0,7.0,,False,False
classification_stratified,qubit_stratified,20260313_204505,experiments/qubit_stratified/20260313_204505,data/raw/NISQ-FaultLogs-100K.csv,NISQ-FaultLogs-100K.csv,data/interim/nisq_fault_logs_cleaned.parquet,baseline_raw,pre_execution,fault_type_classification,qubit_count subgroup,qubit_count,6.0,False,experiments/qubit_stratified/20260313_204505/qubit_model_comparison.csv,random_forest,Random Forest,0.4893597493721691,0.4893772893772893,0.4893971054871914,0.4901098901098901,,,,,7.0,7.0,,False,False
classification_stratified,qubit_stratified,20260313_204505,experiments/qubit_stratified/20260313_204505,data/raw/NISQ-FaultLogs-100K.csv,NISQ-FaultLogs-100K.csv,data/interim/nisq_fault_logs_cleaned.parquet,baseline_raw,pre_execution,fault_type_classification,qubit_count subgroup,qubit_count,6.0,False,experiments/qubit_stratified/20260313_204505/qubit_model_comparison.csv,xgboost,XGBoost,0.5083869139344988,0.5084249084249084,0.5246110982122127,0.5252747252747253,,,,,7.0,7.0,,True,True
classification_stratified,qubit_stratified,20260313_204505,experiments/qubit_stratified/20260313_204505,data/raw/NISQ-FaultLogs-100K.csv,NISQ-FaultLogs-100K.csv,data/interim/nisq_fault_logs_cleaned.parquet,baseline_raw,pre_execution,fault_type_classification,qubit_count subgroup,qubit_count,7.0,False,experiments/qubit_stratified/20260313_204505/qubit_model_comparison.csv,dummy_most_frequent,Dummy Most Frequent,0.3336609336609336,0.5007374631268436,0.3333333333333333,0.5,,,,,7.0,7.0,,False,False
classification_stratified,qubit_stratified,20260313_204505,experiments/qubit_stratified/20260313_204505,data/raw/NISQ-FaultLogs-100K.csv,NISQ-FaultLogs-100K.csv,data/interim/nisq_fault_logs_cleaned.parquet,baseline_raw,pre_execution,fault_type_classification,qubit_count subgroup,qubit_count,7.0,False,experiments/qubit_stratified/20260313_204505/qubit_model_comparison.csv,logistic_regression,Logistic Regression,0.4976059349276332,0.4985250737463126,0.4860817062651925,0.4867256637168141,,,,,7.0,7.0,,True,False
classification_stratified,qubit_stratified,20260313_204505,experiments/qubit_stratified/20260313_204505,data/raw/NISQ-FaultLogs-100K.csv,NISQ-FaultLogs-100K.csv,data/interim/nisq_fault_logs_cleaned.parquet,baseline_raw,pre_execution,fault_type_classification,qubit_count subgroup,qubit_count,7.0,False,experiments/qubit_stratified/20260313_204505/qubit_model_comparison.csv,random_forest,Random Forest,0.4886708111711172,0.4889380530973451,0.4909909909909909,0.4911504424778761,,,,,7.0,7.0,,False,True
classification_stratified,qubit_stratified,20260313_204505,experiments/qubit_stratified/20260313_204505,data/raw/NISQ-FaultLogs-100K.csv,NISQ-FaultLogs-100K.csv,data/interim/nisq_fault_logs_cleaned.parquet,baseline_raw,pre_execution,fault_type_classification,qubit_count subgroup,qubit_count,7.0,False,experiments/qubit_stratified/20260313_204505/qubit_model_comparison.csv,xgboost,XGBoost,0.4904010387618516,0.4911504424778761,0.46851666764654,0.4690265486725664,,,,,7.0,7.0,,False,False
classification_stratified,qubit_stratified,20260313_204505,experiments/qubit_stratified/20260313_204505,data/raw/NISQ-FaultLogs-100K.csv,NISQ-FaultLogs-100K.csv,data/interim/nisq_fault_logs_cleaned.parquet,baseline_raw,pre_execution,fault_type_classification,qubit_count subgroup,qubit_count,8.0,False,experiments/qubit_stratified/20260313_204505/qubit_model_comparison.csv,dummy_most_frequent,Dummy Most Frequent,0.3336557059961315,0.5007256894049347,0.3333333333333333,0.5,,,,,7.0,7.0,,False,False
classification_stratified,qubit_stratified,20260313_204505,experiments/qubit_stratified/20260313_204505,data/raw/NISQ-FaultLogs-100K.csv,NISQ-FaultLogs-100K.csv,data/interim/nisq_fault_logs_cleaned.parquet,baseline_raw,pre_execution,fault_type_classification,qubit_count subgroup,qubit_count,8.0,False,experiments/qubit_stratified/20260313_204505/qubit_model_comparison.csv,logistic_regression,Logistic Regression,0.5065810324724738,0.5072568940493469,0.5125920039355925,0.5130434782608696,,,,,7.0,7.0,,False,False
classification_stratified,qubit_stratified,20260313_204505,experiments/qubit_stratified/20260313_204505,data/raw/NISQ-FaultLogs-100K.csv,NISQ-FaultLogs-100K.csv,data/interim/nisq_fault_logs_cleaned.parquet,baseline_raw,pre_execution,fault_type_classification,qubit_count subgroup,qubit_count,8.0,False,experiments/qubit_stratified/20260313_204505/qubit_model_comparison.csv,random_forest,Random Forest,0.5281070544228439,0.5283018867924528,0.525512907865849,0.5260869565217391,,,,,7.0,7.0,,False,False
classification_stratified,qubit_stratified,20260313_204505,experiments/qubit_stratified/20260313_204505,data/raw/NISQ-FaultLogs-100K.csv,NISQ-FaultLogs-100K.csv,data/interim/nisq_fault_logs_cleaned.parquet,baseline_raw,pre_execution,fault_type_classification,qubit_count subgroup,qubit_count,8.0,False,experiments/qubit_stratified/20260313_204505/qubit_model_comparison.csv,xgboost,XGBoost,0.5376479505383922,0.5377358490566038,0.539052012629748,0.5391304347826087,,,,,7.0,7.0,,True,True
classification_stratified,qubit_stratified,20260313_204505,experiments/qubit_stratified/20260313_204505,data/raw/NISQ-FaultLogs-100K.csv,NISQ-FaultLogs-100K.csv,data/interim/nisq_fault_logs_cleaned.parquet,baseline_raw,pre_execution,fault_type_classification,qubit_count subgroup,qubit_count,9.0,False,experiments/qubit_stratified/20260313_204505/qubit_model_comparison.csv,dummy_most_frequent,Dummy Most Frequent,0.3348039215686274,0.5033161385408991,0.3348017621145374,0.5033112582781457,,,,,7.0,7.0,,False,False
classification_stratified,qubit_stratified,20260313_204505,experiments/qubit_stratified/20260313_204505,data/raw/NISQ-FaultLogs-100K.csv,NISQ-FaultLogs-100K.csv,data/interim/nisq_fault_logs_cleaned.parquet,baseline_raw,pre_execution,fault_type_classification,qubit_count subgroup,qubit_count,9.0,False,experiments/qubit_stratified/20260313_204505/qubit_model_comparison.csv,logistic_regression,Logistic Regression,0.5105821034881615,0.5232129697862933,0.5202230126693578,0.5320088300220751,,,,,7.0,7.0,,True,True
classification_stratified,qubit_stratified,20260313_204505,experiments/qubit_stratified/20260313_204505,data/raw/NISQ-FaultLogs-100K.csv,NISQ-FaultLogs-100K.csv,data/interim/nisq_fault_logs_cleaned.parquet,baseline_raw,pre_execution,fault_type_classification,qubit_count subgroup,qubit_count,9.0,False,experiments/qubit_stratified/20260313_204505/qubit_model_comparison.csv,random_forest,Random Forest,0.4853714341216612,0.4878408253500368,0.4755843204298449,0.4768211920529801,,,,,7.0,7.0,,False,False
classification_stratified,qubit_stratified,20260313_204505,experiments/qubit_stratified/20260313_204505,data/raw/NISQ-FaultLogs-100K.csv,NISQ-FaultLogs-100K.csv,data/interim/nisq_fault_logs_cleaned.parquet,baseline_raw,pre_execution,fault_type_classification,qubit_count subgroup,qubit_count,9.0,False,experiments/qubit_stratified/20260313_204505/qubit_model_comparison.csv,xgboost,XGBoost,0.4885708017273588,0.4885777450257922,0.5076398941381176,0.5077262693156733,,,,,7.0,7.0,,False,False
classification_stratified,qubit_stratified,20260313_204505,experiments/qubit_stratified/20260313_204505,data/raw/NISQ-FaultLogs-100K.csv,NISQ-FaultLogs-100K.csv,data/interim/nisq_fault_logs_cleaned.parquet,baseline_raw,pre_execution,fault_type_classification,qubit_count subgroup,qubit_count,10.0,False,experiments/qubit_stratified/20260313_204505/qubit_model_comparison.csv,dummy_most_frequent,Dummy Most Frequent,0.3344693281402142,0.5025603511338698,0.3343065693430657,0.5021929824561403,,,,,7.0,7.0,,False,False
classification_stratified,qubit_stratified,20260313_204505,experiments/qubit_stratified/20260313_204505,data/raw/NISQ-FaultLogs-100K.csv,NISQ-FaultLogs-100K.csv,data/interim/nisq_fault_logs_cleaned.parquet,baseline_raw,pre_execution,fault_type_classification,qubit_count subgroup,qubit_count,10.0,False,experiments/qubit_stratified/20260313_204505/qubit_model_comparison.csv,logistic_regression,Logistic Regression,0.4940751850493105,0.4981711777615216,0.5106818846941762,0.5175438596491229,,,,,7.0,7.0,,True,True
classification_stratified,qubit_stratified,20260313_204505,experiments/qubit_stratified/20260313_204505,data/raw/NISQ-FaultLogs-100K.csv,NISQ-FaultLogs-100K.csv,data/interim/nisq_fault_logs_cleaned.parquet,baseline_raw,pre_execution,fault_type_classification,qubit_count subgroup,qubit_count,10.0,False,experiments/qubit_stratified/20260313_204505/qubit_model_comparison.csv,random_forest,Random Forest,0.4922536209169411,0.4937820043891733,0.4671838258466462,0.4714912280701754,,,,,7.0,7.0,,False,False
classification_stratified,qubit_stratified,20260313_204505,experiments/qubit_stratified/20260313_204505,data/raw/NISQ-FaultLogs-100K.csv,NISQ-FaultLogs-100K.csv,data/interim/nisq_fault_logs_cleaned.parquet,baseline_raw,pre_execution,fault_type_classification,qubit_count subgroup,qubit_count,10.0,False,experiments/qubit_stratified/20260313_204505/qubit_model_comparison.csv,xgboost,XGBoost,0.4893925577731542,0.4893928310168252,0.4814586385012721,0.4824561403508772,,,,,7.0,7.0,,False,False
classification_stratified,qubit_stratified,20260313_204505,experiments/qubit_stratified/20260313_204505,data/raw/NISQ-FaultLogs-100K.csv,NISQ-FaultLogs-100K.csv,data/interim/nisq_fault_logs_cleaned.parquet,baseline_raw,pre_execution,fault_type_classification,qubit_count subgroup,qubit_count,11.0,False,experiments/qubit_stratified/20260313_204505/qubit_model_comparison.csv,dummy_most_frequent,Dummy Most Frequent,0.3362360909530721,0.5065597667638484,0.336231884057971,0.5065502183406113,,,,,7.0,7.0,,False,False
classification_stratified,qubit_stratified,20260313_204505,experiments/qubit_stratified/20260313_204505,data/raw/NISQ-FaultLogs-100K.csv,NISQ-FaultLogs-100K.csv,data/interim/nisq_fault_logs_cleaned.parquet,baseline_raw,pre_execution,fault_type_classification,qubit_count subgroup,qubit_count,11.0,False,experiments/qubit_stratified/20260313_204505/qubit_model_comparison.csv,logistic_regression,Logistic Regression,0.4821641738641949,0.4985422740524781,0.5094414471596319,0.5283842794759825,,,,,7.0,7.0,,False,True
classification_stratified,qubit_stratified,20260313_204505,experiments/qubit_stratified/20260313_204505,data/raw/NISQ-FaultLogs-100K.csv,NISQ-FaultLogs-100K.csv,data/interim/nisq_fault_logs_cleaned.parquet,baseline_raw,pre_execution,fault_type_classification,qubit_count subgroup,qubit_count,11.0,False,experiments/qubit_stratified/20260313_204505/qubit_model_comparison.csv,random_forest,Random Forest,0.512975821619998,0.5167638483965015,0.4760357785898061,0.482532751091703,,,,,7.0,7.0,,False,False
classification_stratified,qubit_stratified,20260313_204505,experiments/qubit_stratified/20260313_204505,data/raw/NISQ-FaultLogs-100K.csv,NISQ-FaultLogs-100K.csv,data/interim/nisq_fault_logs_cleaned.parquet,baseline_raw,pre_execution,fault_type_classification,qubit_count subgroup,qubit_count,11.0,False,experiments/qubit_stratified/20260313_204505/qubit_model_comparison.csv,xgboost,XGBoost,0.5194339603587285,0.5196793002915452,0.4912670445840356,0.4934497816593886,,,,,7.0,7.0,,True,False
classification_stratified,qubit_stratified,20260313_204505,experiments/qubit_stratified/20260313_204505,data/raw/NISQ-FaultLogs-100K.csv,NISQ-FaultLogs-100K.csv,data/interim/nisq_fault_logs_cleaned.parquet,baseline_raw,pre_execution,fault_type_classification,qubit_count subgroup,qubit_count,12.0,False,experiments/qubit_stratified/20260313_204505/qubit_model_comparison.csv,dummy_most_frequent,Dummy Most Frequent,0.3362658846529814,0.5066273932253313,0.3357771260997067,0.5055187637969095,,,,,7.0,7.0,,False,False
classification_stratified,qubit_stratified,20260313_204505,experiments/qubit_stratified/20260313_204505,data/raw/NISQ-FaultLogs-100K.csv,NISQ-FaultLogs-100K.csv,data/interim/nisq_fault_logs_cleaned.parquet,baseline_raw,pre_execution,fault_type_classification,qubit_count subgroup,qubit_count,12.0,False,experiments/qubit_stratified/20260313_204505/qubit_model_comparison.csv,logistic_regression,Logistic Regression,0.4756464194444754,0.4904270986745213,0.441170204860165,0.4503311258278146,,,,,7.0,7.0,,False,False
classification_stratified,qubit_stratified,20260313_204505,experiments/qubit_stratified/20260313_204505,data/raw/NISQ-FaultLogs-100K.csv,NISQ-FaultLogs-100K.csv,data/interim/nisq_fault_logs_cleaned.parquet,baseline_raw,pre_execution,fault_type_classification,qubit_count subgroup,qubit_count,12.0,False,experiments/qubit_stratified/20260313_204505/qubit_model_comparison.csv,random_forest,Random Forest,0.4744030438205195,0.4786450662739323,0.4718106995884774,0.4746136865342163,,,,,7.0,7.0,,False,False
classification_stratified,qubit_stratified,20260313_204505,experiments/qubit_stratified/20260313_204505,data/raw/NISQ-FaultLogs-100K.csv,NISQ-FaultLogs-100K.csv,data/interim/nisq_fault_logs_cleaned.parquet,baseline_raw,pre_execution,fault_type_classification,qubit_count subgroup,qubit_count,12.0,False,experiments/qubit_stratified/20260313_204505/qubit_model_comparison.csv,xgboost,XGBoost,0.4895590941582637,0.4904270986745213,0.4785992976980101,0.4790286975717439,,,,,7.0,7.0,,True,True
classification_stratified,qubit_stratified,20260313_204505,experiments/qubit_stratified/20260313_204505,data/raw/NISQ-FaultLogs-100K.csv,NISQ-FaultLogs-100K.csv,data/interim/nisq_fault_logs_cleaned.parquet,baseline_raw,pre_execution,fault_type_classification,qubit_count subgroup,qubit_count,13.0,False,experiments/qubit_stratified/20260313_204505/qubit_model_comparison.csv,dummy_most_frequent,Dummy Most Frequent,0.3352855051244509,0.5044052863436124,0.3352855051244509,0.5044052863436124,,,,,7.0,7.0,,False,False
classification_stratified,qubit_stratified,20260313_204505,experiments/qubit_stratified/20260313_204505,data/raw/NISQ-FaultLogs-100K.csv,NISQ-FaultLogs-100K.csv,data/interim/nisq_fault_logs_cleaned.parquet,baseline_raw,pre_execution,fault_type_classification,qubit_count subgroup,qubit_count,13.0,False,experiments/qubit_stratified/20260313_204505/qubit_model_comparison.csv,logistic_regression,Logistic Regression,0.4613194114855244,0.4713656387665198,0.4831204831204831,0.4933920704845815,,,,,7.0,7.0,,False,False
classification_stratified,qubit_stratified,20260313_204505,experiments/qubit_stratified/20260313_204505,data/raw/NISQ-FaultLogs-100K.csv,NISQ-FaultLogs-100K.csv,data/interim/nisq_fault_logs_cleaned.parquet,baseline_raw,pre_execution,fault_type_classification,qubit_count subgroup,qubit_count,13.0,False,experiments/qubit_stratified/20260313_204505/qubit_model_comparison.csv,random_forest,Random Forest,0.496084446515481,0.4963289280469897,0.506569626394954,0.5066079295154186,,,,,7.0,7.0,,False,True
classification_stratified,qubit_stratified,20260313_204505,experiments/qubit_stratified/20260313_204505,data/raw/NISQ-FaultLogs-100K.csv,NISQ-FaultLogs-100K.csv,data/interim/nisq_fault_logs_cleaned.parquet,baseline_raw,pre_execution,fault_type_classification,qubit_count subgroup,qubit_count,13.0,False,experiments/qubit_stratified/20260313_204505/qubit_model_comparison.csv,xgboost,XGBoost,0.5006469979296067,0.5007342143906021,0.4661211320167936,0.4669603524229075,,,,,7.0,7.0,,True,False
classification_stratified,qubit_stratified,20260313_204505,experiments/qubit_stratified/20260313_204505,data/raw/NISQ-FaultLogs-100K.csv,NISQ-FaultLogs-100K.csv,data/interim/nisq_fault_logs_cleaned.parquet,baseline_raw,pre_execution,fault_type_classification,qubit_count subgroup,qubit_count,14.0,False,experiments/qubit_stratified/20260313_204505/qubit_model_comparison.csv,dummy_most_frequent,Dummy Most Frequent,0.3354399611084103,0.5047549378200439,0.3352769679300291,0.5043859649122807,,,,,7.0,7.0,,False,False
classification_stratified,qubit_stratified,20260313_204505,experiments/qubit_stratified/20260313_204505,data/raw/NISQ-FaultLogs-100K.csv,NISQ-FaultLogs-100K.csv,data/interim/nisq_fault_logs_cleaned.parquet,baseline_raw,pre_execution,fault_type_classification,qubit_count subgroup,qubit_count,14.0,False,experiments/qubit_stratified/20260313_204505/qubit_model_comparison.csv,logistic_regression,Logistic Regression,0.4973426688892111,0.5047549378200439,0.478984375,0.4868421052631579,,,,,7.0,7.0,,False,False
classification_stratified,qubit_stratified,20260313_204505,experiments/qubit_stratified/20260313_204505,data/raw/NISQ-FaultLogs-100K.csv,NISQ-FaultLogs-100K.csv,data/interim/nisq_fault_logs_cleaned.parquet,baseline_raw,pre_execution,fault_type_classification,qubit_count subgroup,qubit_count,14.0,False,experiments/qubit_stratified/20260313_204505/qubit_model_comparison.csv,random_forest,Random Forest,0.5109583326127933,0.5157278712509145,0.5283010621093579,0.5328947368421053,,,,,7.0,7.0,,True,True
classification_stratified,qubit_stratified,20260313_204505,experiments/qubit_stratified/20260313_204505,data/raw/NISQ-FaultLogs-100K.csv,NISQ-FaultLogs-100K.csv,data/interim/nisq_fault_logs_cleaned.parquet,baseline_raw,pre_execution,fault_type_classification,qubit_count subgroup,qubit_count,14.0,False,experiments/qubit_stratified/20260313_204505/qubit_model_comparison.csv,xgboost,XGBoost,0.4923165014876811,0.4923189465983906,0.5240655857554435,0.5241228070175439,,,,,7.0,7.0,,False,False
classification_stratified,qubit_stratified,20260313_204505,experiments/qubit_stratified/20260313_204505,data/raw/NISQ-FaultLogs-100K.csv,NISQ-FaultLogs-100K.csv,data/interim/nisq_fault_logs_cleaned.parquet,baseline_raw,pre_execution,fault_type_classification,qubit_count subgroup,qubit_count,15.0,False,experiments/qubit_stratified/20260313_204505/qubit_model_comparison.csv,dummy_most_frequent,Dummy Most Frequent,0.3351298383145517,0.5040530582166544,0.3348017621145374,0.5033112582781457,,,,,7.0,7.0,,False,False
classification_stratified,qubit_stratified,20260313_204505,experiments/qubit_stratified/20260313_204505,data/raw/NISQ-FaultLogs-100K.csv,NISQ-FaultLogs-100K.csv,data/interim/nisq_fault_logs_cleaned.parquet,baseline_raw,pre_execution,fault_type_classification,qubit_count subgroup,qubit_count,15.0,False,experiments/qubit_stratified/20260313_204505/qubit_model_comparison.csv,logistic_regression,Logistic Regression,0.4938630237802617,0.505526897568165,0.4387514487830222,0.4525386313465783,,,,,7.0,7.0,,False,False
classification_stratified,qubit_stratified,20260313_204505,experiments/qubit_stratified/20260313_204505,data/raw/NISQ-FaultLogs-100K.csv,NISQ-FaultLogs-100K.csv,data/interim/nisq_fault_logs_cleaned.parquet,baseline_raw,pre_execution,fault_type_classification,qubit_count subgroup,qubit_count,15.0,False,experiments/qubit_stratified/20260313_204505/qubit_model_comparison.csv,random_forest,Random Forest,0.4895390302239617,0.4900515843773029,0.471158871657101,0.4724061810154525,,,,,7.0,7.0,,False,False
classification_stratified,qubit_stratified,20260313_204505,experiments/qubit_stratified/20260313_204505,data/raw/NISQ-FaultLogs-100K.csv,NISQ-FaultLogs-100K.csv,data/interim/nisq_fault_logs_cleaned.parquet,baseline_raw,pre_execution,fault_type_classification,qubit_count subgroup,qubit_count,15.0,False,experiments/qubit_stratified/20260313_204505/qubit_model_comparison.csv,xgboost,XGBoost,0.4992791360283628,0.4996315401621223,0.4964899964899965,0.4966887417218543,,,,,7.0,7.0,,True,True
classification_stratified,qubit_stratified,20260313_223849,experiments/qubit_stratified/20260313_223849,data/raw/NISQ-FaultLogs-100K.csv,NISQ-FaultLogs-100K.csv,data/interim/nisq_fault_logs_cleaned.parquet,baseline_raw,pre_execution,fault_type_classification,qubit_count subgroup,qubit_count,5.0,False,experiments/qubit_stratified/20260313_223849/qubit_model_comparison.csv,dummy_most_frequent,Dummy Most Frequent,0.3380350194552529,0.5106539309331374,0.3381924198250728,0.5110132158590308,,,,,6.0,6.0,,False,False
classification_stratified,qubit_stratified,20260313_223849,experiments/qubit_stratified/20260313_223849,data/raw/NISQ-FaultLogs-100K.csv,NISQ-FaultLogs-100K.csv,data/interim/nisq_fault_logs_cleaned.parquet,baseline_raw,pre_execution,fault_type_classification,qubit_count subgroup,qubit_count,5.0,False,experiments/qubit_stratified/20260313_223849/qubit_model_comparison.csv,logistic_regression,Logistic Regression,0.3466078999577758,0.5121234386480529,0.3471026517000162,0.513215859030837,,,,,6.0,6.0,,False,False
classification_stratified,qubit_stratified,20260313_223849,experiments/qubit_stratified/20260313_223849,data/raw/NISQ-FaultLogs-100K.csv,NISQ-FaultLogs-100K.csv,data/interim/nisq_fault_logs_cleaned.parquet,baseline_raw,pre_execution,fault_type_classification,qubit_count subgroup,qubit_count,5.0,False,experiments/qubit_stratified/20260313_223849/qubit_model_comparison.csv,random_forest,Random Forest,0.5134822248458613,0.5194709772226305,0.4767075445096885,0.486784140969163,,,,,6.0,6.0,,True,True
classification_stratified,qubit_stratified,20260313_223849,experiments/qubit_stratified/20260313_223849,data/raw/NISQ-FaultLogs-100K.csv,NISQ-FaultLogs-100K.csv,data/interim/nisq_fault_logs_cleaned.parquet,baseline_raw,pre_execution,fault_type_classification,qubit_count subgroup,qubit_count,5.0,False,experiments/qubit_stratified/20260313_223849/qubit_model_comparison.csv,xgboost,XGBoost,0.5010967352430766,0.5025716385011021,0.469884207453537,0.4713656387665198,,,,,6.0,6.0,,False,False
classification_stratified,qubit_stratified,20260313_223849,experiments/qubit_stratified/20260313_223849,data/raw/NISQ-FaultLogs-100K.csv,NISQ-FaultLogs-100K.csv,data/interim/nisq_fault_logs_cleaned.parquet,baseline_raw,pre_execution,fault_type_classification,qubit_count subgroup,qubit_count,6.0,False,experiments/qubit_stratified/20260313_223849/qubit_model_comparison.csv,dummy_most_frequent,Dummy Most Frequent,0.3331704934049829,0.4996336996336996,0.3328445747800586,0.4989010989010989,,,,,6.0,6.0,,False,False
classification_stratified,qubit_stratified,20260313_223849,experiments/qubit_stratified/20260313_223849,data/raw/NISQ-FaultLogs-100K.csv,NISQ-FaultLogs-100K.csv,data/interim/nisq_fault_logs_cleaned.parquet,baseline_raw,pre_execution,fault_type_classification,qubit_count subgroup,qubit_count,6.0,False,experiments/qubit_stratified/20260313_223849/qubit_model_comparison.csv,logistic_regression,Logistic Regression,0.4859406158547639,0.4886446886446886,0.5123115098301203,0.5186813186813187,,,,,6.0,6.0,,False,False
classification_stratified,qubit_stratified,20260313_223849,experiments/qubit_stratified/20260313_223849,data/raw/NISQ-FaultLogs-100K.csv,NISQ-FaultLogs-100K.csv,data/interim/nisq_fault_logs_cleaned.parquet,baseline_raw,pre_execution,fault_type_classification,qubit_count subgroup,qubit_count,6.0,False,experiments/qubit_stratified/20260313_223849/qubit_model_comparison.csv,random_forest,Random Forest,0.5084238531016987,0.5084249084249084,0.5091218716890581,0.5098901098901099,,,,,6.0,6.0,,False,False
classification_stratified,qubit_stratified,20260313_223849,experiments/qubit_stratified/20260313_223849,data/raw/NISQ-FaultLogs-100K.csv,NISQ-FaultLogs-100K.csv,data/interim/nisq_fault_logs_cleaned.parquet,baseline_raw,pre_execution,fault_type_classification,qubit_count subgroup,qubit_count,6.0,False,experiments/qubit_stratified/20260313_223849/qubit_model_comparison.csv,xgboost,XGBoost,0.5215952888666089,0.5216117216117216,0.5493112228874039,0.5494505494505495,,,,,6.0,6.0,,True,True
classification_stratified,qubit_stratified,20260313_223849,experiments/qubit_stratified/20260313_223849,data/raw/NISQ-FaultLogs-100K.csv,NISQ-FaultLogs-100K.csv,data/interim/nisq_fault_logs_cleaned.parquet,baseline_raw,pre_execution,fault_type_classification,qubit_count subgroup,qubit_count,7.0,False,experiments/qubit_stratified/20260313_223849/qubit_model_comparison.csv,dummy_most_frequent,Dummy Most Frequent,0.3336609336609336,0.5007374631268436,0.3333333333333333,0.5,,,,,6.0,6.0,,False,False
classification_stratified,qubit_stratified,20260313_223849,experiments/qubit_stratified/20260313_223849,data/raw/NISQ-FaultLogs-100K.csv,NISQ-FaultLogs-100K.csv,data/interim/nisq_fault_logs_cleaned.parquet,baseline_raw,pre_execution,fault_type_classification,qubit_count subgroup,qubit_count,7.0,False,experiments/qubit_stratified/20260313_223849/qubit_model_comparison.csv,logistic_regression,Logistic Regression,0.5039512126774638,0.5051622418879056,0.5055699170521379,0.5066371681415929,,,,,6.0,6.0,,False,True
classification_stratified,qubit_stratified,20260313_223849,experiments/qubit_stratified/20260313_223849,data/raw/NISQ-FaultLogs-100K.csv,NISQ-FaultLogs-100K.csv,data/interim/nisq_fault_logs_cleaned.parquet,baseline_raw,pre_execution,fault_type_classification,qubit_count subgroup,qubit_count,7.0,False,experiments/qubit_stratified/20260313_223849/qubit_model_comparison.csv,random_forest,Random Forest,0.5070647264336791,0.5073746312684366,0.4839449428897633,0.4845132743362831,,,,,6.0,6.0,,True,False
classification_stratified,qubit_stratified,20260313_223849,experiments/qubit_stratified/20260313_223849,data/raw/NISQ-FaultLogs-100K.csv,NISQ-FaultLogs-100K.csv,data/interim/nisq_fault_logs_cleaned.parquet,baseline_raw,pre_execution,fault_type_classification,qubit_count subgroup,qubit_count,7.0,False,experiments/qubit_stratified/20260313_223849/qubit_model_comparison.csv,xgboost,XGBoost,0.4918257220109099,0.4918879056047198,0.4909012556071379,0.4911504424778761,,,,,6.0,6.0,,False,False
classification_stratified,qubit_stratified,20260313_223849,experiments/qubit_stratified/20260313_223849,data/raw/NISQ-FaultLogs-100K.csv,NISQ-FaultLogs-100K.csv,data/interim/nisq_fault_logs_cleaned.parquet,baseline_raw,pre_execution,fault_type_classification,qubit_count subgroup,qubit_count,8.0,False,experiments/qubit_stratified/20260313_223849/qubit_model_comparison.csv,dummy_most_frequent,Dummy Most Frequent,0.3336557059961315,0.5007256894049347,0.3333333333333333,0.5,,,,,6.0,6.0,,False,False
classification_stratified,qubit_stratified,20260313_223849,experiments/qubit_stratified/20260313_223849,data/raw/NISQ-FaultLogs-100K.csv,NISQ-FaultLogs-100K.csv,data/interim/nisq_fault_logs_cleaned.parquet,baseline_raw,pre_execution,fault_type_classification,qubit_count subgroup,qubit_count,8.0,False,experiments/qubit_stratified/20260313_223849/qubit_model_comparison.csv,logistic_regression,Logistic Regression,0.5114712585464675,0.5123367198838897,0.5189081495994057,0.5195652173913043,,,,,6.0,6.0,,False,False
classification_stratified,qubit_stratified,20260313_223849,experiments/qubit_stratified/20260313_223849,data/raw/NISQ-FaultLogs-100K.csv,NISQ-FaultLogs-100K.csv,data/interim/nisq_fault_logs_cleaned.parquet,baseline_raw,pre_execution,fault_type_classification,qubit_count subgroup,qubit_count,8.0,False,experiments/qubit_stratified/20260313_223849/qubit_model_comparison.csv,random_forest,Random Forest,0.52606866214523,0.5261248185776488,0.5434782608695652,0.5434782608695652,,,,,6.0,6.0,,True,True
classification_stratified,qubit_stratified,20260313_223849,experiments/qubit_stratified/20260313_223849,data/raw/NISQ-FaultLogs-100K.csv,NISQ-FaultLogs-100K.csv,data/interim/nisq_fault_logs_cleaned.parquet,baseline_raw,pre_execution,fault_type_classification,qubit_count subgroup,qubit_count,8.0,False,experiments/qubit_stratified/20260313_223849/qubit_model_comparison.csv,xgboost,XGBoost,0.5232097575618735,0.52322206095791,0.5389909991679904,0.5391304347826087,,,,,6.0,6.0,,False,False
classification_stratified,qubit_stratified,20260313_223849,experiments/qubit_stratified/20260313_223849,data/raw/NISQ-FaultLogs-100K.csv,NISQ-FaultLogs-100K.csv,data/interim/nisq_fault_logs_cleaned.parquet,baseline_raw,pre_execution,fault_type_classification,qubit_count subgroup,qubit_count,9.0,False,experiments/qubit_stratified/20260313_223849/qubit_model_comparison.csv,dummy_most_frequent,Dummy Most Frequent,0.3348039215686274,0.5033161385408991,0.3348017621145374,0.5033112582781457,,,,,6.0,6.0,,False,False
classification_stratified,qubit_stratified,20260313_223849,experiments/qubit_stratified/20260313_223849,data/raw/NISQ-FaultLogs-100K.csv,NISQ-FaultLogs-100K.csv,data/interim/nisq_fault_logs_cleaned.parquet,baseline_raw,pre_execution,fault_type_classification,qubit_count subgroup,qubit_count,9.0,False,experiments/qubit_stratified/20260313_223849/qubit_model_comparison.csv,logistic_regression,Logistic Regression,0.5119248585809095,0.5239498894620487,0.5202230126693578,0.5320088300220751,,,,,6.0,6.0,,True,True
classification_stratified,qubit_stratified,20260313_223849,experiments/qubit_stratified/20260313_223849,data/raw/NISQ-FaultLogs-100K.csv,NISQ-FaultLogs-100K.csv,data/interim/nisq_fault_logs_cleaned.parquet,baseline_raw,pre_execution,fault_type_classification,qubit_count subgroup,qubit_count,9.0,False,experiments/qubit_stratified/20260313_223849/qubit_model_comparison.csv,random_forest,Random Forest,0.485963836542261,0.4878408253500368,0.5073192239858906,0.5099337748344371,,,,,6.0,6.0,,False,False
classification_stratified,qubit_stratified,20260313_223849,experiments/qubit_stratified/20260313_223849,data/raw/NISQ-FaultLogs-100K.csv,NISQ-FaultLogs-100K.csv,data/interim/nisq_fault_logs_cleaned.parquet,baseline_raw,pre_execution,fault_type_classification,qubit_count subgroup,qubit_count,9.0,False,experiments/qubit_stratified/20260313_223849/qubit_model_comparison.csv,xgboost,XGBoost,0.4863491339399419,0.4863669859985262,0.465718574547723,0.4657836644591611,,,,,6.0,6.0,,False,False
classification_stratified,qubit_stratified,20260313_223849,experiments/qubit_stratified/20260313_223849,data/raw/NISQ-FaultLogs-100K.csv,NISQ-FaultLogs-100K.csv,data/interim/nisq_fault_logs_cleaned.parquet,baseline_raw,pre_execution,fault_type_classification,qubit_count subgroup,qubit_count,10.0,False,experiments/qubit_stratified/20260313_223849/qubit_model_comparison.csv,dummy_most_frequent,Dummy Most Frequent,0.3344693281402142,0.5025603511338698,0.3343065693430657,0.5021929824561403,,,,,6.0,6.0,,False,False
classification_stratified,qubit_stratified,20260313_223849,experiments/qubit_stratified/20260313_223849,data/raw/NISQ-FaultLogs-100K.csv,NISQ-FaultLogs-100K.csv,data/interim/nisq_fault_logs_cleaned.parquet,baseline_raw,pre_execution,fault_type_classification,qubit_count subgroup,qubit_count,10.0,False,experiments/qubit_stratified/20260313_223849/qubit_model_comparison.csv,logistic_regression,Logistic Regression,0.5068066520375195,0.5106071689831748,0.5037216985715673,0.5087719298245614,,,,,6.0,6.0,,True,True
classification_stratified,qubit_stratified,20260313_223849,experiments/qubit_stratified/20260313_223849,data/raw/NISQ-FaultLogs-100K.csv,NISQ-FaultLogs-100K.csv,data/interim/nisq_fault_logs_cleaned.parquet,baseline_raw,pre_execution,fault_type_classification,qubit_count subgroup,qubit_count,10.0,False,experiments/qubit_stratified/20260313_223849/qubit_model_comparison.csv,random_forest,Random Forest,0.4932596234573365,0.4945135332845647,0.4820379569729972,0.4890350877192982,,,,,6.0,6.0,,False,False
classification_stratified,qubit_stratified,20260313_223849,experiments/qubit_stratified/20260313_223849,data/raw/NISQ-FaultLogs-100K.csv,NISQ-FaultLogs-100K.csv,data/interim/nisq_fault_logs_cleaned.parquet,baseline_raw,pre_execution,fault_type_classification,qubit_count subgroup,qubit_count,10.0,False,experiments/qubit_stratified/20260313_223849/qubit_model_comparison.csv,xgboost,XGBoost,0.4658578518483627,0.4659839063643013,0.4499662259963331,0.4517543859649123,,,,,6.0,6.0,,False,False
classification_stratified,qubit_stratified,20260313_223849,experiments/qubit_stratified/20260313_223849,data/raw/NISQ-FaultLogs-100K.csv,NISQ-FaultLogs-100K.csv,data/interim/nisq_fault_logs_cleaned.parquet,baseline_raw,pre_execution,fault_type_classification,qubit_count subgroup,qubit_count,11.0,False,experiments/qubit_stratified/20260313_223849/qubit_model_comparison.csv,dummy_most_frequent,Dummy Most Frequent,0.3362360909530721,0.5065597667638484,0.336231884057971,0.5065502183406113,,,,,6.0,6.0,,False,False
classification_stratified,qubit_stratified,20260313_223849,experiments/qubit_stratified/20260313_223849,data/raw/NISQ-FaultLogs-100K.csv,NISQ-FaultLogs-100K.csv,data/interim/nisq_fault_logs_cleaned.parquet,baseline_raw,pre_execution,fault_type_classification,qubit_count subgroup,qubit_count,11.0,False,experiments/qubit_stratified/20260313_223849/qubit_model_comparison.csv,logistic_regression,Logistic Regression,0.4929718941562215,0.5087463556851312,0.4459832427334982,0.4650655021834061,,,,,6.0,6.0,,False,False
classification_stratified,qubit_stratified,20260313_223849,experiments/qubit_stratified/20260313_223849,data/raw/NISQ-FaultLogs-100K.csv,NISQ-FaultLogs-100K.csv,data/interim/nisq_fault_logs_cleaned.parquet,baseline_raw,pre_execution,fault_type_classification,qubit_count subgroup,qubit_count,11.0,False,experiments/qubit_stratified/20260313_223849/qubit_model_comparison.csv,random_forest,Random Forest,0.5174178925761204,0.5204081632653061,0.513856723791879,0.519650655021834,,,,,6.0,6.0,,False,True
classification_stratified,qubit_stratified,20260313_223849,experiments/qubit_stratified/20260313_223849,data/raw/NISQ-FaultLogs-100K.csv,NISQ-FaultLogs-100K.csv,data/interim/nisq_fault_logs_cleaned.parquet,baseline_raw,pre_execution,fault_type_classification,qubit_count subgroup,qubit_count,11.0,False,experiments/qubit_stratified/20260313_223849/qubit_model_comparison.csv,xgboost,XGBoost,0.5243770682864167,0.5247813411078717,0.4994631071065529,0.5,,,,,6.0,6.0,,True,False
classification_stratified,qubit_stratified,20260313_223849,experiments/qubit_stratified/20260313_223849,data/raw/NISQ-FaultLogs-100K.csv,NISQ-FaultLogs-100K.csv,data/interim/nisq_fault_logs_cleaned.parquet,baseline_raw,pre_execution,fault_type_classification,qubit_count subgroup,qubit_count,12.0,False,experiments/qubit_stratified/20260313_223849/qubit_model_comparison.csv,dummy_most_frequent,Dummy Most Frequent,0.3362658846529814,0.5066273932253313,0.3357771260997067,0.5055187637969095,,,,,6.0,6.0,,False,False
classification_stratified,qubit_stratified,20260313_223849,experiments/qubit_stratified/20260313_223849,data/raw/NISQ-FaultLogs-100K.csv,NISQ-FaultLogs-100K.csv,data/interim/nisq_fault_logs_cleaned.parquet,baseline_raw,pre_execution,fault_type_classification,qubit_count subgroup,qubit_count,12.0,False,experiments/qubit_stratified/20260313_223849/qubit_model_comparison.csv,logistic_regression,Logistic Regression,0.4771618922206475,0.4918998527245949,0.441170204860165,0.4503311258278146,,,,,6.0,6.0,,False,False
classification_stratified,qubit_stratified,20260313_223849,experiments/qubit_stratified/20260313_223849,data/raw/NISQ-FaultLogs-100K.csv,NISQ-FaultLogs-100K.csv,data/interim/nisq_fault_logs_cleaned.parquet,baseline_raw,pre_execution,fault_type_classification,qubit_count subgroup,qubit_count,12.0,False,experiments/qubit_stratified/20260313_223849/qubit_model_comparison.csv,random_forest,Random Forest,0.4580709350126826,0.4624447717231222,0.4758312694184438,0.4812362030905077,,,,,6.0,6.0,,False,True
classification_stratified,qubit_stratified,20260313_223849,experiments/qubit_stratified/20260313_223849,data/raw/NISQ-FaultLogs-100K.csv,NISQ-FaultLogs-100K.csv,data/interim/nisq_fault_logs_cleaned.parquet,baseline_raw,pre_execution,fault_type_classification,qubit_count subgroup,qubit_count,12.0,False,experiments/qubit_stratified/20260313_223849/qubit_model_comparison.csv,xgboost,XGBoost,0.4814133189202109,0.4823269513991163,0.467326655379526,0.4679911699779249,,,,,6.0,6.0,,True,False
classification_stratified,qubit_stratified,20260313_223849,experiments/qubit_stratified/20260313_223849,data/raw/NISQ-FaultLogs-100K.csv,NISQ-FaultLogs-100K.csv,data/interim/nisq_fault_logs_cleaned.parquet,baseline_raw,pre_execution,fault_type_classification,qubit_count subgroup,qubit_count,13.0,False,experiments/qubit_stratified/20260313_223849/qubit_model_comparison.csv,dummy_most_frequent,Dummy Most Frequent,0.3352855051244509,0.5044052863436124,0.3352855051244509,0.5044052863436124,,,,,6.0,6.0,,False,False
classification_stratified,qubit_stratified,20260313_223849,experiments/qubit_stratified/20260313_223849,data/raw/NISQ-FaultLogs-100K.csv,NISQ-FaultLogs-100K.csv,data/interim/nisq_fault_logs_cleaned.parquet,baseline_raw,pre_execution,fault_type_classification,qubit_count subgroup,qubit_count,13.0,False,experiments/qubit_stratified/20260313_223849/qubit_model_comparison.csv,logistic_regression,Logistic Regression,0.4619573369229289,0.4720998531571219,0.4850389566647349,0.4955947136563877,,,,,6.0,6.0,,False,False
classification_stratified,qubit_stratified,20260313_223849,experiments/qubit_stratified/20260313_223849,data/raw/NISQ-FaultLogs-100K.csv,NISQ-FaultLogs-100K.csv,data/interim/nisq_fault_logs_cleaned.parquet,baseline_raw,pre_execution,fault_type_classification,qubit_count subgroup,qubit_count,13.0,False,experiments/qubit_stratified/20260313_223849/qubit_model_comparison.csv,random_forest,Random Forest,0.4675679916402594,0.4676945668135095,0.5109752547307133,0.5110132158590308,,,,,6.0,6.0,,False,True
classification_stratified,qubit_stratified,20260313_223849,experiments/qubit_stratified/20260313_223849,data/raw/NISQ-FaultLogs-100K.csv,NISQ-FaultLogs-100K.csv,data/interim/nisq_fault_logs_cleaned.parquet,baseline_raw,pre_execution,fault_type_classification,qubit_count subgroup,qubit_count,13.0,False,experiments/qubit_stratified/20260313_223849/qubit_model_comparison.csv,xgboost,XGBoost,0.5035640263037003,0.5036710719530103,0.5065983542928116,0.5066079295154186,,,,,6.0,6.0,,True,False
classification_stratified,qubit_stratified,20260313_223849,experiments/qubit_stratified/20260313_223849,data/raw/NISQ-FaultLogs-100K.csv,NISQ-FaultLogs-100K.csv,data/interim/nisq_fault_logs_cleaned.parquet,baseline_raw,pre_execution,fault_type_classification,qubit_count subgroup,qubit_count,14.0,False,experiments/qubit_stratified/20260313_223849/qubit_model_comparison.csv,dummy_most_frequent,Dummy Most Frequent,0.3354399611084103,0.5047549378200439,0.3352769679300291,0.5043859649122807,,,,,6.0,6.0,,False,False
classification_stratified,qubit_stratified,20260313_223849,experiments/qubit_stratified/20260313_223849,data/raw/NISQ-FaultLogs-100K.csv,NISQ-FaultLogs-100K.csv,data/interim/nisq_fault_logs_cleaned.parquet,baseline_raw,pre_execution,fault_type_classification,qubit_count subgroup,qubit_count,14.0,False,experiments/qubit_stratified/20260313_223849/qubit_model_comparison.csv,logistic_regression,Logistic Regression,0.4963252556343906,0.5040234089246525,0.478984375,0.4868421052631579,,,,,6.0,6.0,,False,False
classification_stratified,qubit_stratified,20260313_223849,experiments/qubit_stratified/20260313_223849,data/raw/NISQ-FaultLogs-100K.csv,NISQ-FaultLogs-100K.csv,data/interim/nisq_fault_logs_cleaned.parquet,baseline_raw,pre_execution,fault_type_classification,qubit_count subgroup,qubit_count,14.0,False,experiments/qubit_stratified/20260313_223849/qubit_model_comparison.csv,random_forest,Random Forest,0.5043539163158051,0.5076810534016094,0.4986111111111111,0.5,,,,,6.0,6.0,,False,False
classification_stratified,qubit_stratified,20260313_223849,experiments/qubit_stratified/20260313_223849,data/raw/NISQ-FaultLogs-100K.csv,NISQ-FaultLogs-100K.csv,data/interim/nisq_fault_logs_cleaned.parquet,baseline_raw,pre_execution,fault_type_classification,qubit_count subgroup,qubit_count,14.0,False,experiments/qubit_stratified/20260313_223849/qubit_model_comparison.csv,xgboost,XGBoost,0.5075756480929877,0.5076810534016094,0.5196790934582586,0.5197368421052632,,,,,6.0,6.0,,True,True
classification_stratified,qubit_stratified,20260313_223849,experiments/qubit_stratified/20260313_223849,data/raw/NISQ-FaultLogs-100K.csv,NISQ-FaultLogs-100K.csv,data/interim/nisq_fault_logs_cleaned.parquet,baseline_raw,pre_execution,fault_type_classification,qubit_count subgroup,qubit_count,15.0,False,experiments/qubit_stratified/20260313_223849/qubit_model_comparison.csv,dummy_most_frequent,Dummy Most Frequent,0.3351298383145517,0.5040530582166544,0.3348017621145374,0.5033112582781457,,,,,6.0,6.0,,False,False
classification_stratified,qubit_stratified,20260313_223849,experiments/qubit_stratified/20260313_223849,data/raw/NISQ-FaultLogs-100K.csv,NISQ-FaultLogs-100K.csv,data/interim/nisq_fault_logs_cleaned.parquet,baseline_raw,pre_execution,fault_type_classification,qubit_count subgroup,qubit_count,15.0,False,experiments/qubit_stratified/20260313_223849/qubit_model_comparison.csv,logistic_regression,Logistic Regression,0.4971094540437918,0.5084745762711864,0.4448086887206058,0.4569536423841059,,,,,6.0,6.0,,True,False
classification_stratified,qubit_stratified,20260313_223849,experiments/qubit_stratified/20260313_223849,data/raw/NISQ-FaultLogs-100K.csv,NISQ-FaultLogs-100K.csv,data/interim/nisq_fault_logs_cleaned.parquet,baseline_raw,pre_execution,fault_type_classification,qubit_count subgroup,qubit_count,15.0,False,experiments/qubit_stratified/20260313_223849/qubit_model_comparison.csv,random_forest,Random Forest,0.4864743603356076,0.4878408253500368,0.4594483568075117,0.4613686534216336,,,,,6.0,6.0,,False,False
classification_stratified,qubit_stratified,20260313_223849,experiments/qubit_stratified/20260313_223849,data/raw/NISQ-FaultLogs-100K.csv,NISQ-FaultLogs-100K.csv,data/interim/nisq_fault_logs_cleaned.parquet,baseline_raw,pre_execution,fault_type_classification,qubit_count subgroup,qubit_count,15.0,False,experiments/qubit_stratified/20260313_223849/qubit_model_comparison.csv,xgboost,XGBoost,0.4907785488643775,0.4907885040530582,0.5075726924858027,0.5077262693156733,,,,,6.0,6.0,,False,True
classification_tuned,tuned_classification,20260313_224958,experiments/tuned_classification/20260313_224958,data/raw/NISQ-FaultLogs-100K.csv,NISQ-FaultLogs-100K.csv,data/interim/nisq_fault_logs_cleaned.parquet,baseline_raw,pre_execution,fault_type_classification,run,qubit_count,6.0,True,experiments/tuned_classification/20260313_224958/tuned_model_comparison.csv,random_forest,Random Forest,0.5362138844777322,,0.5293582674927528,0.5304347826086957,,,,,,,"{'max_depth': 12, 'min_samples_leaf': 1, 'min_samples_split': 5, 'n_estimators': 200}",False,True
classification_tuned,tuned_classification,20260313_224958,experiments/tuned_classification/20260313_224958,data/raw/NISQ-FaultLogs-100K.csv,NISQ-FaultLogs-100K.csv,data/interim/nisq_fault_logs_cleaned.parquet,baseline_raw,pre_execution,fault_type_classification,run,qubit_count,6.0,True,experiments/tuned_classification/20260313_224958/tuned_model_comparison.csv,xgboost,XGBoost,0.5413642960812772,,0.5152151002603982,0.5152173913043478,,,,,,,"{'learning_rate': 0.05, 'max_depth': 8, 'n_estimators': 200}",True,False
classification_tuned,tuned_classification,20260313_225202,experiments/tuned_classification/20260313_225202,data/raw/NISQ-FaultLogs-100K.csv,NISQ-FaultLogs-100K.csv,data/interim/nisq_fault_logs_cleaned.parquet,baseline_raw,pre_execution,fault_type_classification,run,qubit_count,6.0,True,experiments/tuned_classification/20260313_225202/tuned_model_comparison.csv,random_forest,Random Forest,0.5223379132674968,,0.5139476317303184,0.5142857142857142,,,,,,,"{'max_depth': 8, 'min_samples_leaf': 2, 'min_samples_split': 5, 'n_estimators': 200}",False,False
classification_tuned,tuned_classification,20260313_225202,experiments/tuned_classification/20260313_225202,data/raw/NISQ-FaultLogs-100K.csv,NISQ-FaultLogs-100K.csv,data/interim/nisq_fault_logs_cleaned.parquet,baseline_raw,pre_execution,fault_type_classification,run,qubit_count,6.0,True,experiments/tuned_classification/20260313_225202/tuned_model_comparison.csv,xgboost,XGBoost,0.526006308430401,,0.5400906325416286,0.5406593406593406,,,,,,,"{'learning_rate': 0.05, 'max_depth': 6, 'n_estimators': 400}",True,True
classification_tuned,tuned_classification,20260313_225237,experiments/tuned_classification/20260313_225237,data/raw/NISQ-FaultLogs-100K.csv,NISQ-FaultLogs-100K.csv,data/interim/nisq_fault_logs_cleaned.parquet,baseline_raw,pre_execution,fault_type_classification,run,qubit_count,8.0,True,experiments/tuned_classification/20260313_225237/tuned_model_comparison.csv,random_forest,Random Forest,0.5362138844777322,,0.5293582674927528,0.5304347826086957,,,,,,,"{'max_depth': 12, 'min_samples_leaf': 1, 'min_samples_split': 5, 'n_estimators': 200}",False,True
classification_tuned,tuned_classification,20260313_225237,experiments/tuned_classification/20260313_225237,data/raw/NISQ-FaultLogs-100K.csv,NISQ-FaultLogs-100K.csv,data/interim/nisq_fault_logs_cleaned.parquet,baseline_raw,pre_execution,fault_type_classification,run,qubit_count,8.0,True,experiments/tuned_classification/20260313_225237/tuned_model_comparison.csv,xgboost,XGBoost,0.5413642960812772,,0.5152151002603982,0.5152173913043478,,,,,,,"{'learning_rate': 0.05, 'max_depth': 8, 'n_estimators': 200}",True,False
fidelity_regression,fidelity_regression,20260313_203701,experiments/fidelity_regression/20260313_203701,data/raw/NISQ-FaultLogs-100K.csv,NISQ-FaultLogs-100K.csv,data/interim/nisq_fault_logs_cleaned.parquet,enhanced_topology,pre_execution,fidelity_regression,run,,,False,experiments/fidelity_regression/20260313_203701/model_comparison.csv,dummy_mean,Dummy Mean,,,,,-1.637191640813107e-05,-0.0004934788900656,0.2215365856366653,0.2187440073887509,14.0,14.0,,False,False
fidelity_regression,fidelity_regression,20260313_203701,experiments/fidelity_regression/20260313_203701,data/raw/NISQ-FaultLogs-100K.csv,NISQ-FaultLogs-100K.csv,data/interim/nisq_fault_logs_cleaned.parquet,enhanced_topology,pre_execution,fidelity_regression,run,,,False,experiments/fidelity_regression/20260313_203701/model_comparison.csv,random_forest_regressor,Random Forest Regressor,,,,,0.9409697368323552,0.9411725283748176,0.043332605891438,0.0428651714378485,14.0,14.0,,True,True
fidelity_regression,fidelity_regression,20260313_203701,experiments/fidelity_regression/20260313_203701,data/raw/NISQ-FaultLogs-100K.csv,NISQ-FaultLogs-100K.csv,data/interim/nisq_fault_logs_cleaned.parquet,enhanced_topology,pre_execution,fidelity_regression,run,,,False,experiments/fidelity_regression/20260313_203701/model_comparison.csv,xgboost_regressor,XGBoost Regressor,,,,,0.9405122887399652,0.9408052979474288,0.0434980757482315,0.0430745657869216,14.0,14.0,,False,False
rf_baseline_single_model,rf_baseline,20260313_182546,experiments/rf_baseline/20260313_182546,data/raw/NISQ-FaultLogs-100K.csv,NISQ-FaultLogs-100K.csv,data/interim/nisq_fault_logs_cleaned.parquet,topology_aware,pre_execution,fault_type_classification,run,,,False,experiments/rf_baseline/20260313_182546/metrics.json,dummy_most_frequent,Dummy Most Frequent,,,0.4952232687598131,0.49549864959487844,,,,,,16.0,,False,True
rf_baseline_single_model,rf_baseline,20260313_182825,experiments/rf_baseline/20260313_182825,data/raw/NISQ-FaultLogs-100K.csv,NISQ-FaultLogs-100K.csv,data/interim/nisq_fault_logs_cleaned.parquet,topology_aware,pre_execution,fault_type_classification,run,,,False,experiments/rf_baseline/20260313_182825/metrics.json,dummy_most_frequent,Dummy Most Frequent,,,0.49052434050498483,0.49359807942382716,,,,,,12.0,,False,True
rf_baseline_single_model,rf_baseline,20260313_193643,experiments/rf_baseline/20260313_193643,data/raw/NISQ-FaultLogs-100K.csv,NISQ-FaultLogs-100K.csv,data/interim/nisq_fault_logs_cleaned.parquet,topology_aware,pre_execution,fault_type_classification,run,,,False,experiments/rf_baseline/20260313_193643/metrics.json,dummy_most_frequent,Dummy Most Frequent,,,0.49052434050498483,0.49359807942382716,,,,,,12.0,,False,True
rf_baseline_single_model,rf_baseline,20260313_200850,experiments/rf_baseline/20260313_200850,data/raw/NISQ-FaultLogs-100K.csv,NISQ-FaultLogs-100K.csv,data/interim/nisq_fault_logs_cleaned.parquet,topology_aware,pre_execution,fault_type_classification,run,,,False,experiments/rf_baseline/20260313_200850/metrics.json,random_forest,Random Forest,0.49646019650513323,0.5004334778259419,0.49242273736771713,0.4972994598919784,,,,,12.0,12.0,,True,True
